source,target,color,vuln_score,hygiene_color,vuln_weight,hygiene_weight,time
setuptools-rust,semantic-version,#7e57c2,#d500f9,#d500f9,0,0,2023-12-19T20:25:49+05:30
setuptools-rust,toml,#7e57c2,#d500f9,#d500f9,0,0,2023-12-19T20:25:49+05:30
sphinx-issues,sphinx,#7e57c2,#d500f9,#d500f9,0,0,2023-12-19T20:25:49+05:30
sphinx-issues,pytest,#7e57c2,#d500f9,#d500f9,0,0,2023-12-19T20:25:49+05:30
sphinx-issues,flake8,#7e57c2,#d500f9,#d500f9,0,0,2023-12-19T20:25:49+05:30
sphinx-issues,flake8-bugbear,#7e57c2,#d500f9,#d500f9,0,0,2023-12-19T20:25:49+05:30
sphinx-issues,pre-commit,#7e57c2,#d500f9,#d500f9,0,0,2023-12-19T20:25:49+05:30
sphinx-issues,tox,#7e57c2,#d500f9,#d500f9,0,0,2023-12-19T20:25:49+05:30
jaraco.itertools,pytest-ruff,#7e57c2,#d500f9,#d500f9,0,0,2023-12-19T20:25:49+05:30
jaraco.itertools,furo,#7e57c2,#d500f9,#d500f9,0,0,2023-12-19T20:25:49+05:30
jaraco.itertools,sphinx-lint,#7e57c2,#d500f9,#d500f9,0,0,2023-12-19T20:25:49+05:30
jaraco.itertools,pytest,#7e57c2,#d500f9,#d500f9,0,0,2023-12-19T20:25:49+05:30
jaraco.itertools,pytest-enabler,#7e57c2,#d500f9,#d500f9,0,0,2023-12-19T20:25:49+05:30
jaraco.itertools,more-itertools,#7e57c2,#d500f9,#d500f9,0,0,2023-12-19T20:25:49+05:30
jaraco.itertools,inflect,#7e57c2,#d500f9,#d500f9,0,0,2023-12-19T20:25:49+05:30
jaraco.itertools,rst.linker,#7e57c2,#d500f9,#d500f9,0,0,2023-12-19T20:25:49+05:30
jaraco.itertools,pytest-cov,#7e57c2,#d500f9,#d500f9,0,0,2023-12-19T20:25:49+05:30
jaraco.itertools,pytest-black,#7e57c2,#d500f9,#d500f9,0,0,2023-12-19T20:25:49+05:30
jaraco.itertools,jaraco.packaging,#7e57c2,#d500f9,#d500f9,0,0,2023-12-19T20:25:49+05:30
jaraco.itertools,pytest-checkdocs,#7e57c2,#d500f9,#d500f9,0,0,2023-12-19T20:25:49+05:30
jaraco.itertools,sphinx,#7e57c2,#d500f9,#d500f9,0,0,2023-12-19T20:25:49+05:30
jaraco.itertools,pytest-mypy,#7e57c2,#d500f9,#d500f9,0,0,2023-12-19T20:25:49+05:30
sphinx-inline-tabs,myst-parser,#7e57c2,#d500f9,#d500f9,0,0,2023-12-19T20:25:49+05:30
sphinx-inline-tabs,furo,#7e57c2,#d500f9,#d500f9,0,0,2023-12-19T20:25:49+05:30
sphinx-inline-tabs,pytest,#7e57c2,#d500f9,#d500f9,0,0,2023-12-19T20:25:49+05:30
sphinx-inline-tabs,pytest-cov,#7e57c2,#d500f9,#d500f9,0,0,2023-12-19T20:25:49+05:30
sphinx-inline-tabs,pytest-xdist,#7e57c2,#d500f9,#d500f9,0,0,2023-12-19T20:25:49+05:30
sphinx-inline-tabs,sphinx,#7e57c2,#d500f9,#d500f9,0,0,2023-12-19T20:25:49+05:30
asgiref,mypy,#74b9ff,#d500f9,#d500f9,0,0,2023-12-19T19:25:49+05:30
asgiref,typing-extensions,#74b9ff,#d500f9,#d500f9,0,0,2023-12-19T19:25:49+05:30
asgiref,pytest,#74b9ff,#d500f9,#d500f9,0,0,2023-12-19T19:25:49+05:30
asgiref,pytest-asyncio,#74b9ff,#d500f9,#d500f9,0,0,2023-12-19T19:25:49+05:30
olefile,pytest,#7e57c2,#d500f9,#d500f9,0,0,2023-12-19T20:25:49+05:30
olefile,pytest-cov,#7e57c2,#d500f9,#d500f9,0,0,2023-12-19T20:25:49+05:30
sphinxext-opengraph,sphinx,#7e57c2,#d500f9,#d500f9,0,0,2023-12-19T20:25:49+05:30
pytest-mypy,attrs,#7e57c2,#d500f9,#d500f9,0,0,2023-12-19T20:25:49+05:30
pytest-mypy,filelock,#7e57c2,#d500f9,#d500f9,0,0,2023-12-19T20:25:49+05:30
pytest-mypy,mypy,#7e57c2,#d500f9,#d500f9,0,0,2023-12-19T20:25:49+05:30
pytest-mypy,pytest,#7e57c2,#d500f9,#d500f9,0,0,2023-12-19T20:25:49+05:30
sphinx,pytest,#7e57c2,#d500f9,#d500f9,0,0,2023-12-19T20:25:49+05:30
sphinx,sphinxcontrib-htmlhelp,#7e57c2,#d500f9,#d500f9,0,0,2023-12-19T20:25:49+05:30
sphinx,sphinxcontrib-serializinghtml,#7e57c2,#d500f9,#d500f9,0,0,2023-12-19T20:25:49+05:30
sphinx,babel,#7e57c2,#d500f9,#d500f9,0,0,2023-12-19T20:25:49+05:30
sphinx,packaging,#7e57c2,#d500f9,#d500f9,0,0,2023-12-19T20:25:49+05:30
sphinx,docutils-stubs,#7e57c2,#d500f9,#d500f9,0,0,2023-12-19T20:25:49+05:30
sphinx,sphinxcontrib-qthelp,#7e57c2,#d500f9,#d500f9,0,0,2023-12-19T20:25:49+05:30
sphinx,sphinxcontrib-applehelp,#7e57c2,#d500f9,#d500f9,0,0,2023-12-19T20:25:49+05:30
sphinx,imagesize,#7e57c2,#d500f9,#d500f9,0,0,2023-12-19T20:25:49+05:30
sphinx,html5lib,#7e57c2,#d500f9,#d500f9,0,0,2023-12-19T20:25:49+05:30
sphinx,docutils,#7e57c2,#d500f9,#d500f9,0,0,2023-12-19T20:25:49+05:30
sphinx,cython,#7e57c2,#d500f9,#d500f9,0,0,2023-12-19T20:25:49+05:30
sphinx,requests,#7e57c2,#d500f9,#d500f9,0,0,2023-12-19T20:25:49+05:30
sphinx,types-requests,#7e57c2,#d500f9,#d500f9,0,0,2023-12-19T20:25:49+05:30
sphinx,alabaster,#7e57c2,#d500f9,#d500f9,0,0,2023-12-19T20:25:49+05:30
sphinx,sphinx-lint,#7e57c2,#d500f9,#d500f9,0,0,2023-12-19T20:25:49+05:30
sphinx,importlib-metadata,#7e57c2,#d500f9,#d500f9,0,0,2023-12-19T20:25:49+05:30
sphinx,sphinxcontrib-websupport,#7e57c2,#d500f9,#d500f9,0,0,2023-12-19T20:25:49+05:30
sphinx,sphinxcontrib-devhelp,#7e57c2,#d500f9,#d500f9,0,0,2023-12-19T20:25:49+05:30
sphinx,colorama,#7e57c2,#d500f9,#d500f9,0,0,2023-12-19T20:25:49+05:30
sphinx,setuptools,#7e57c2,#d500f9,#d500f9,0,0,2023-12-19T20:25:49+05:30
sphinx,mypy,#7e57c2,#d500f9,#d500f9,0,0,2023-12-19T20:25:49+05:30
sphinx,flake8-simplify,#7e57c2,#d500f9,#d500f9,0,0,2023-12-19T20:25:49+05:30
sphinx,isort,#7e57c2,#d500f9,#d500f9,0,0,2023-12-19T20:25:49+05:30
sphinx,jinja2,#7e57c2,#d500f9,#d500f9,0,0,2023-12-19T20:25:49+05:30
sphinx,snowballstemmer,#7e57c2,#d500f9,#d500f9,0,0,2023-12-19T20:25:49+05:30
sphinx,pygments,#7e57c2,#d500f9,#d500f9,0,0,2023-12-19T20:25:49+05:30
sphinx,ruff,#7e57c2,#d500f9,#d500f9,0,0,2023-12-19T20:25:49+05:30
sphinx,filelock,#7e57c2,#d500f9,#d500f9,0,0,2023-12-19T20:25:49+05:30
sphinx,sphinxcontrib-jsmath,#7e57c2,#d500f9,#d500f9,0,0,2023-12-19T20:25:49+05:30
sphinx,flake8,#7e57c2,#d500f9,#d500f9,0,0,2023-12-19T20:25:49+05:30
bcrypt,cffi,#7e57c2,#d500f9,#d500f9,0,0,2023-12-19T20:25:49+05:30
bcrypt,six,#7e57c2,#d500f9,#d500f9,0,0,2023-12-19T20:25:49+05:30
bcrypt,pytest,#7e57c2,#d500f9,#d500f9,0,0,2023-12-19T20:25:49+05:30
pytest-subtests,pytest,#7e57c2,#d500f9,#d500f9,0,0,2023-12-19T20:25:49+05:30
pytest-subtests,attrs,#7e57c2,#d500f9,#d500f9,0,0,2023-12-19T20:25:49+05:30
django,sqlparse,#7e57c2,#d500f9,#d500f9,0,0,2023-12-19T20:25:49+05:30
django,argon2-cffi,#7e57c2,#d500f9,#d500f9,0,0,2023-12-19T20:25:49+05:30
django,bcrypt,#7e57c2,#d500f9,#d500f9,0,0,2023-12-19T20:25:49+05:30
django,asgiref,#7e57c2,#d500f9,#d500f9,0,0,2023-12-19T20:25:49+05:30
django,pytz,#7e57c2,#d500f9,#d500f9,0,0,2023-12-19T20:25:49+05:30
sphinx-rtd-theme,sphinxcontrib-jquery,#7e57c2,#d500f9,#d500f9,0,0,2023-12-19T20:25:49+05:30
sphinx-rtd-theme,transifex-client,#7e57c2,#d500f9,#d500f9,0,0,2023-12-19T20:25:49+05:30
sphinx-rtd-theme,sphinxcontrib-httpdomain,#7e57c2,#d500f9,#d500f9,0,0,2023-12-19T20:25:49+05:30
sphinx-rtd-theme,bump2version,#7e57c2,#d500f9,#d500f9,0,0,2023-12-19T20:25:49+05:30
sphinx-rtd-theme,wheel,#7e57c2,#d500f9,#d500f9,0,0,2023-12-19T20:25:49+05:30
sphinx-rtd-theme,sphinx,#7e57c2,#d500f9,#d500f9,0,0,2023-12-19T20:25:49+05:30
sphinx-rtd-theme,docutils,#7e57c2,#d500f9,#d500f9,0,0,2023-12-19T20:25:49+05:30
brotlipy,cffi,#7e57c2,#d500f9,#d500f9,0,0,2023-12-19T20:25:49+05:30
brotlipy,enum34,#7e57c2,#d500f9,#d500f9,0,0,2023-12-19T20:25:49+05:30
rst.linker,python-dateutil,#7e57c2,#d500f9,#d500f9,0,0,2023-12-19T20:25:49+05:30
rst.linker,six,#7e57c2,#d500f9,#d500f9,0,0,2023-12-19T20:25:49+05:30
argon2-cffi,pre-commit,#74b9ff,#d500f9,#d500f9,0,0,2023-12-19T19:25:49+05:30
argon2-cffi,cogapp,#74b9ff,#d500f9,#d500f9,0,0,2023-12-19T19:25:49+05:30
argon2-cffi,tomli,#74b9ff,#d500f9,#d500f9,0,0,2023-12-19T19:25:49+05:30
argon2-cffi,sphinx,#74b9ff,#d500f9,#d500f9,0,0,2023-12-19T19:25:49+05:30
argon2-cffi,sphinx-notfound-page,#74b9ff,#d500f9,#d500f9,0,0,2023-12-19T19:25:49+05:30
argon2-cffi,dataclasses,#74b9ff,#d500f9,#d500f9,0,0,2023-12-19T19:25:49+05:30
argon2-cffi,hypothesis,#74b9ff,#d500f9,#d500f9,0,0,2023-12-19T19:25:49+05:30
argon2-cffi,typing-extensions,#74b9ff,#d500f9,#d500f9,0,0,2023-12-19T19:25:49+05:30
argon2-cffi,pytest,#74b9ff,#d500f9,#d500f9,0,0,2023-12-19T19:25:49+05:30
argon2-cffi,argon2-cffi-bindings,#74b9ff,#d500f9,#d500f9,0,0,2023-12-19T19:25:49+05:30
argon2-cffi,coverage[toml],#74b9ff,#d500f9,#d500f9,0,0,2023-12-19T19:25:49+05:30
argon2-cffi,furo,#74b9ff,#d500f9,#d500f9,0,0,2023-12-19T19:25:49+05:30
pre-commit,virtualenv,#7e57c2,#d500f9,#d500f9,0,0,2023-12-19T20:25:49+05:30
pre-commit,cfgv,#7e57c2,#d500f9,#d500f9,0,0,2023-12-19T20:25:49+05:30
pre-commit,identify,#7e57c2,#d500f9,#d500f9,0,0,2023-12-19T20:25:49+05:30
pre-commit,nodeenv,#7e57c2,#d500f9,#d500f9,0,0,2023-12-19T20:25:49+05:30
pre-commit,pyyaml,#7e57c2,#d500f9,#d500f9,0,0,2023-12-19T20:25:49+05:30
black,uvloop,#7e57c2,#d500f9,#d500f9,0,0,2023-12-19T20:25:49+05:30
black,packaging,#7e57c2,#d500f9,#d500f9,0,0,2023-12-19T20:25:49+05:30
black,aiohttp,#7e57c2,#d500f9,#d500f9,0,0,2023-12-19T20:25:49+05:30
black,click,#7e57c2,#d500f9,#d500f9,0,0,2023-12-19T20:25:49+05:30
black,mypy-extensions,#7e57c2,#d500f9,#d500f9,0,0,2023-12-19T20:25:49+05:30
black,platformdirs,#7e57c2,#d500f9,#d500f9,0,0,2023-12-19T20:25:49+05:30
black,colorama,#7e57c2,#d500f9,#d500f9,0,0,2023-12-19T20:25:49+05:30
black,pathspec,#7e57c2,#d500f9,#d500f9,0,0,2023-12-19T20:25:49+05:30
black,tomli,#7e57c2,#d500f9,#d500f9,0,0,2023-12-19T20:25:49+05:30
black,typing-extensions,#7e57c2,#d500f9,#d500f9,0,0,2023-12-19T20:25:49+05:30
black,ipython,#7e57c2,#d500f9,#d500f9,0,0,2023-12-19T20:25:49+05:30
black,tokenize-rt,#7e57c2,#d500f9,#d500f9,0,0,2023-12-19T20:25:49+05:30
crispy-bootstrap4,django-crispy-forms,#74b9ff,#d500f9,#d500f9,0,0,2023-12-19T19:25:49+05:30
crispy-bootstrap4,django,#74b9ff,#d500f9,#d500f9,0,0,2023-12-19T19:25:49+05:30
markdown2,wavedrom,#7e57c2,#d500f9,#d500f9,0,0,2023-12-19T20:25:49+05:30
markdown2,pygments,#7e57c2,#d500f9,#d500f9,0,0,2023-12-19T20:25:49+05:30
whitenoise,brotli,#74b9ff,#d500f9,#d500f9,0,0,2023-12-19T19:25:49+05:30
sphinx-removed-in,sphinx,#7e57c2,#d500f9,#d500f9,0,0,2023-12-19T20:25:49+05:30
sphinx-notfound-page,tox,#7e57c2,#d500f9,#d500f9,0,0,2023-12-19T20:25:49+05:30
sphinx-notfound-page,sphinx,#7e57c2,#d500f9,#d500f9,0,0,2023-12-19T20:25:49+05:30
sphinx-notfound-page,sphinx-tabs,#7e57c2,#d500f9,#d500f9,0,0,2023-12-19T20:25:49+05:30
sphinx-notfound-page,sphinx-rtd-theme,#7e57c2,#d500f9,#d500f9,0,0,2023-12-19T20:25:49+05:30
sphinx-notfound-page,sphinxemoji,#7e57c2,#d500f9,#d500f9,0,0,2023-12-19T20:25:49+05:30
sphinx-notfound-page,sphinx-autoapi,#7e57c2,#d500f9,#d500f9,0,0,2023-12-19T20:25:49+05:30
requests-oauthlib,requests,#74b9ff,#d500f9,#d500f9,0,0,2023-12-19T19:25:49+05:30
requests-oauthlib,oauthlib[signedtoken],#74b9ff,#d500f9,#d500f9,0,0,2023-12-19T19:25:49+05:30
requests-oauthlib,oauthlib,#74b9ff,#d500f9,#d500f9,0,0,2023-12-19T19:25:49+05:30
pytest-shard,pytest,#7e57c2,#d500f9,#d500f9,0,0,2023-12-19T20:25:49+05:30
pytest-xdist,filelock,#7e57c2,#d500f9,#d500f9,0,0,2023-12-19T20:25:49+05:30
pytest-xdist,execnet,#7e57c2,#d500f9,#d500f9,0,0,2023-12-19T20:25:49+05:30
pytest-xdist,pytest,#7e57c2,#d500f9,#d500f9,0,0,2023-12-19T20:25:49+05:30
pytest-xdist,psutil,#7e57c2,#d500f9,#d500f9,0,0,2023-12-19T20:25:49+05:30
pytest-xdist,setproctitle,#7e57c2,#d500f9,#d500f9,0,0,2023-12-19T20:25:49+05:30
watchdog,pyyaml,#7e57c2,#d500f9,#d500f9,0,0,2023-12-19T20:25:49+05:30
django-heroku,whitenoise,#e91e63,#d500f9,#d500f9,0,0,2023-12-19T19:25:49+05:30
django-heroku,psycopg2,#e91e63,#d500f9,#d500f9,0,0,2023-12-19T19:25:49+05:30
django-heroku,django,#e91e63,#d500f9,#d500f9,0,0,2023-12-19T19:25:49+05:30
django-heroku,dj-database-url,#e91e63,#d500f9,#d500f9,0,0,2023-12-19T19:25:49+05:30
pytest-cov,six,#7e57c2,#d500f9,#d500f9,0,0,2023-12-19T20:25:49+05:30
pytest-cov,pytest-xdist,#7e57c2,#d500f9,#d500f9,0,0,2023-12-19T20:25:49+05:30
pytest-cov,virtualenv,#7e57c2,#d500f9,#d500f9,0,0,2023-12-19T20:25:49+05:30
pytest-cov,pytest,#7e57c2,#d500f9,#d500f9,0,0,2023-12-19T20:25:49+05:30
pytest-cov,coverage[toml],#7e57c2,#d500f9,#d500f9,0,0,2023-12-19T20:25:49+05:30
pytest-cov,fields,#7e57c2,#d500f9,#d500f9,0,0,2023-12-19T20:25:49+05:30
pytest-cov,hunter,#7e57c2,#d500f9,#d500f9,0,0,2023-12-19T20:25:49+05:30
pytest-cov,process-tests,#7e57c2,#d500f9,#d500f9,0,0,2023-12-19T20:25:49+05:30
check-manifest,setuptools,#7e57c2,#d500f9,#d500f9,0,0,2023-12-19T20:25:49+05:30
check-manifest,tomli,#7e57c2,#d500f9,#d500f9,0,0,2023-12-19T20:25:49+05:30
check-manifest,pytest,#7e57c2,#d500f9,#d500f9,0,0,2023-12-19T20:25:49+05:30
check-manifest,mock,#7e57c2,#d500f9,#d500f9,0,0,2023-12-19T20:25:49+05:30
check-manifest,build,#7e57c2,#d500f9,#d500f9,0,0,2023-12-19T20:25:49+05:30
pyroma,requests,#7e57c2,#d500f9,#d500f9,0,0,2023-12-19T20:25:49+05:30
pyroma,setuptools,#7e57c2,#d500f9,#d500f9,0,0,2023-12-19T20:25:49+05:30
pyroma,trove-classifiers,#7e57c2,#d500f9,#d500f9,0,0,2023-12-19T20:25:49+05:30
pyroma,zest.releaser[recommended],#7e57c2,#d500f9,#d500f9,0,0,2023-12-19T20:25:49+05:30
pyroma,build,#7e57c2,#d500f9,#d500f9,0,0,2023-12-19T20:25:49+05:30
pyroma,docutils,#7e57c2,#d500f9,#d500f9,0,0,2023-12-19T20:25:49+05:30
pyroma,packaging,#7e57c2,#d500f9,#d500f9,0,0,2023-12-19T20:25:49+05:30
pyroma,pygments,#7e57c2,#d500f9,#d500f9,0,0,2023-12-19T20:25:49+05:30
mypy,setuptools,#7e57c2,#d500f9,#d500f9,0,0,2023-12-19T20:25:49+05:30
mypy,lxml,#7e57c2,#d500f9,#d500f9,0,0,2023-12-19T20:25:49+05:30
mypy,typing-extensions,#7e57c2,#d500f9,#d500f9,0,0,2023-12-19T20:25:49+05:30
mypy,mypy-extensions,#7e57c2,#d500f9,#d500f9,0,0,2023-12-19T20:25:49+05:30
mypy,tomli,#7e57c2,#d500f9,#d500f9,0,0,2023-12-19T20:25:49+05:30
mypy,psutil,#7e57c2,#d500f9,#d500f9,0,0,2023-12-19T20:25:49+05:30
mypy,pip,#7e57c2,#d500f9,#d500f9,0,0,2023-12-19T20:25:49+05:30
tox,pytest-cov,#7e57c2,#d500f9,#d500f9,0,0,2023-12-19T20:25:49+05:30
tox,sphinx-autodoc-typehints,#7e57c2,#d500f9,#d500f9,0,0,2023-12-19T20:25:49+05:30
tox,sphinx-inline-tabs,#7e57c2,#d500f9,#d500f9,0,0,2023-12-19T20:25:49+05:30
tox,covdefaults,#7e57c2,#d500f9,#d500f9,0,0,2023-12-19T20:25:49+05:30
tox,detect-test-pollution,#7e57c2,#d500f9,#d500f9,0,0,2023-12-19T20:25:49+05:30
tox,wheel,#7e57c2,#d500f9,#d500f9,0,0,2023-12-19T20:25:49+05:30
tox,importlib-metadata,#7e57c2,#d500f9,#d500f9,0,0,2023-12-19T20:25:49+05:30
tox,tomli,#7e57c2,#d500f9,#d500f9,0,0,2023-12-19T20:25:49+05:30
tox,colorama,#7e57c2,#d500f9,#d500f9,0,0,2023-12-19T20:25:49+05:30
tox,pytest-xdist,#7e57c2,#d500f9,#d500f9,0,0,2023-12-19T20:25:49+05:30
tox,pytest,#7e57c2,#d500f9,#d500f9,0,0,2023-12-19T20:25:49+05:30
tox,sphinx,#7e57c2,#d500f9,#d500f9,0,0,2023-12-19T20:25:49+05:30
tox,pluggy,#7e57c2,#d500f9,#d500f9,0,0,2023-12-19T20:25:49+05:30
tox,devpi-process,#7e57c2,#d500f9,#d500f9,0,0,2023-12-19T20:25:49+05:30
tox,hatchling,#7e57c2,#d500f9,#d500f9,0,0,2023-12-19T20:25:49+05:30
tox,flaky,#7e57c2,#d500f9,#d500f9,0,0,2023-12-19T20:25:49+05:30
tox,distlib,#7e57c2,#d500f9,#d500f9,0,0,2023-12-19T20:25:49+05:30
tox,hatch-vcs,#7e57c2,#d500f9,#d500f9,0,0,2023-12-19T20:25:49+05:30
tox,sphinx-copybutton,#7e57c2,#d500f9,#d500f9,0,0,2023-12-19T20:25:49+05:30
tox,packaging,#7e57c2,#d500f9,#d500f9,0,0,2023-12-19T20:25:49+05:30
tox,pyproject-api,#7e57c2,#d500f9,#d500f9,0,0,2023-12-19T20:25:49+05:30
tox,filelock,#7e57c2,#d500f9,#d500f9,0,0,2023-12-19T20:25:49+05:30
tox,furo,#7e57c2,#d500f9,#d500f9,0,0,2023-12-19T20:25:49+05:30
tox,diff-cover,#7e57c2,#d500f9,#d500f9,0,0,2023-12-19T20:25:49+05:30
tox,towncrier,#7e57c2,#d500f9,#d500f9,0,0,2023-12-19T20:25:49+05:30
tox,pytest-mock,#7e57c2,#d500f9,#d500f9,0,0,2023-12-19T20:25:49+05:30
tox,typing-extensions,#7e57c2,#d500f9,#d500f9,0,0,2023-12-19T20:25:49+05:30
tox,re-assert,#7e57c2,#d500f9,#d500f9,0,0,2023-12-19T20:25:49+05:30
tox,cachetools,#7e57c2,#d500f9,#d500f9,0,0,2023-12-19T20:25:49+05:30
tox,platformdirs,#7e57c2,#d500f9,#d500f9,0,0,2023-12-19T20:25:49+05:30
tox,time-machine,#7e57c2,#d500f9,#d500f9,0,0,2023-12-19T20:25:49+05:30
tox,build[virtualenv],#7e57c2,#d500f9,#d500f9,0,0,2023-12-19T20:25:49+05:30
tox,chardet,#7e57c2,#d500f9,#d500f9,0,0,2023-12-19T20:25:49+05:30
tox,sphinx-argparse-cli,#7e57c2,#d500f9,#d500f9,0,0,2023-12-19T20:25:49+05:30
tox,sphinxcontrib-towncrier,#7e57c2,#d500f9,#d500f9,0,0,2023-12-19T20:25:49+05:30
tox,psutil,#7e57c2,#d500f9,#d500f9,0,0,2023-12-19T20:25:49+05:30
tox,virtualenv,#7e57c2,#d500f9,#d500f9,0,0,2023-12-19T20:25:49+05:30
pytest-randomly,importlib-metadata,#7e57c2,#d500f9,#d500f9,0,0,2023-12-19T20:25:49+05:30
pytest-randomly,pytest,#7e57c2,#d500f9,#d500f9,0,0,2023-12-19T20:25:49+05:30
pytest-flake8,flake8,#7e57c2,#d500f9,#d500f9,0,0,2023-12-19T20:25:49+05:30
pytest-flake8,pytest,#7e57c2,#d500f9,#d500f9,0,0,2023-12-19T20:25:49+05:30
pytest-enabler,toml,#7e57c2,#d500f9,#d500f9,0,0,2023-12-19T20:25:49+05:30
pytest-enabler,pytest-mypy,#7e57c2,#d500f9,#d500f9,0,0,2023-12-19T20:25:49+05:30
pytest-enabler,pytest-enabler,#7e57c2,#d500f9,#d500f9,0,0,2023-12-19T20:25:49+05:30
pytest-enabler,pytest-cov,#7e57c2,#d500f9,#d500f9,0,0,2023-12-19T20:25:49+05:30
pytest-enabler,more-itertools,#7e57c2,#d500f9,#d500f9,0,0,2023-12-19T20:25:49+05:30
pytest-enabler,pytest-checkdocs,#7e57c2,#d500f9,#d500f9,0,0,2023-12-19T20:25:49+05:30
pytest-enabler,pytest-black,#7e57c2,#d500f9,#d500f9,0,0,2023-12-19T20:25:49+05:30
pytest-enabler,rst.linker,#7e57c2,#d500f9,#d500f9,0,0,2023-12-19T20:25:49+05:30
pytest-enabler,jaraco.functools,#7e57c2,#d500f9,#d500f9,0,0,2023-12-19T20:25:49+05:30
pytest-enabler,pytest,#7e57c2,#d500f9,#d500f9,0,0,2023-12-19T20:25:49+05:30
pytest-enabler,jaraco.context,#7e57c2,#d500f9,#d500f9,0,0,2023-12-19T20:25:49+05:30
pytest-enabler,jaraco.packaging,#7e57c2,#d500f9,#d500f9,0,0,2023-12-19T20:25:49+05:30
pytest-enabler,pytest-flake8,#7e57c2,#d500f9,#d500f9,0,0,2023-12-19T20:25:49+05:30
pytest-enabler,sphinx,#7e57c2,#d500f9,#d500f9,0,0,2023-12-19T20:25:49+05:30
django-crispy-forms,django,#74b9ff,#d500f9,#d500f9,0,0,2023-12-19T19:25:49+05:30
brotlicffi,cffi,#7e57c2,#d500f9,#d500f9,0,0,2023-12-19T20:25:49+05:30
coverage,tomli,#7e57c2,#d500f9,#d500f9,0,0,2023-12-19T20:25:49+05:30
pillow,packaging,#D32F2F,#d500f9,#d500f9,0,0,2023-12-19T19:25:49+05:30
pillow,pytest-cov,#D32F2F,#d500f9,#d500f9,0,0,2023-12-19T19:25:49+05:30
pillow,defusedxml,#D32F2F,#d500f9,#d500f9,0,0,2023-12-19T19:25:49+05:30
pillow,sphinx,#D32F2F,#d500f9,#d500f9,0,0,2023-12-19T19:25:49+05:30
pillow,sphinx-inline-tabs,#D32F2F,#d500f9,#d500f9,0,0,2023-12-19T19:25:49+05:30
pillow,markdown2,#D32F2F,#d500f9,#d500f9,0,0,2023-12-19T19:25:49+05:30
pillow,sphinx-removed-in,#D32F2F,#d500f9,#d500f9,0,0,2023-12-19T19:25:49+05:30
pillow,sphinx-issues,#D32F2F,#d500f9,#d500f9,0,0,2023-12-19T19:25:49+05:30
pillow,pytest-timeout,#D32F2F,#d500f9,#d500f9,0,0,2023-12-19T19:25:49+05:30
pillow,sphinx-copybutton,#D32F2F,#d500f9,#d500f9,0,0,2023-12-19T19:25:49+05:30
pillow,pyroma,#D32F2F,#d500f9,#d500f9,0,0,2023-12-19T19:25:49+05:30
pillow,furo,#D32F2F,#d500f9,#d500f9,0,0,2023-12-19T19:25:49+05:30
pillow,pytest,#D32F2F,#d500f9,#d500f9,0,0,2023-12-19T19:25:49+05:30
pillow,coverage,#D32F2F,#d500f9,#d500f9,0,0,2023-12-19T19:25:49+05:30
pillow,sphinxext-opengraph,#D32F2F,#d500f9,#d500f9,0,0,2023-12-19T19:25:49+05:30
pillow,olefile,#D32F2F,#d500f9,#d500f9,0,0,2023-12-19T19:25:49+05:30
pillow,check-manifest,#D32F2F,#d500f9,#d500f9,0,0,2023-12-19T19:25:49+05:30
oauthlib,cryptography,#74b9ff,#d500f9,#d500f9,0,0,2023-12-19T19:25:49+05:30
oauthlib,blinker,#74b9ff,#d500f9,#d500f9,0,0,2023-12-19T19:25:49+05:30
oauthlib,pyjwt,#74b9ff,#d500f9,#d500f9,0,0,2023-12-19T19:25:49+05:30
types-requests,urllib3,#7e57c2,#d500f9,#d500f9,0,0,2023-12-19T20:25:49+05:30
python3-openid,mysql-connector-python,#74b9ff,#d500f9,#d500f9,0,0,2023-12-19T19:25:49+05:30
python3-openid,psycopg2,#74b9ff,#d500f9,#d500f9,0,0,2023-12-19T19:25:49+05:30
python3-openid,defusedxml,#74b9ff,#d500f9,#d500f9,0,0,2023-12-19T19:25:49+05:30
hypothesis,exceptiongroup,#7e57c2,#d500f9,#d500f9,0,0,2023-12-19T20:25:49+05:30
hypothesis,dpcontracts,#7e57c2,#d500f9,#d500f9,0,0,2023-12-19T20:25:49+05:30
hypothesis,pytest,#7e57c2,#d500f9,#d500f9,0,0,2023-12-19T20:25:49+05:30
hypothesis,click,#7e57c2,#d500f9,#d500f9,0,0,2023-12-19T20:25:49+05:30
hypothesis,django,#7e57c2,#d500f9,#d500f9,0,0,2023-12-19T20:25:49+05:30
hypothesis,libcst,#7e57c2,#d500f9,#d500f9,0,0,2023-12-19T20:25:49+05:30
hypothesis,numpy,#7e57c2,#d500f9,#d500f9,0,0,2023-12-19T20:25:49+05:30
hypothesis,pytz,#7e57c2,#d500f9,#d500f9,0,0,2023-12-19T20:25:49+05:30
hypothesis,python-dateutil,#7e57c2,#d500f9,#d500f9,0,0,2023-12-19T20:25:49+05:30
hypothesis,sortedcontainers,#7e57c2,#d500f9,#d500f9,0,0,2023-12-19T20:25:49+05:30
hypothesis,black,#7e57c2,#d500f9,#d500f9,0,0,2023-12-19T20:25:49+05:30
hypothesis,tzdata,#7e57c2,#d500f9,#d500f9,0,0,2023-12-19T20:25:49+05:30
hypothesis,redis,#7e57c2,#d500f9,#d500f9,0,0,2023-12-19T20:25:49+05:30
hypothesis,attrs,#7e57c2,#d500f9,#d500f9,0,0,2023-12-19T20:25:49+05:30
hypothesis,pandas,#7e57c2,#d500f9,#d500f9,0,0,2023-12-19T20:25:49+05:30
hypothesis,rich,#7e57c2,#d500f9,#d500f9,0,0,2023-12-19T20:25:49+05:30
hypothesis,lark,#7e57c2,#d500f9,#d500f9,0,0,2023-12-19T20:25:49+05:30
hypothesis,backports.zoneinfo,#7e57c2,#d500f9,#d500f9,0,0,2023-12-19T20:25:49+05:30
cffi,pycparser,#74b9ff,#d500f9,#d500f9,0,0,2023-12-19T19:25:49+05:30
pytest-benchmark,elasticsearch,#7e57c2,#d500f9,#d500f9,0,0,2023-12-19T20:25:49+05:30
pytest-benchmark,pygal,#7e57c2,#d500f9,#d500f9,0,0,2023-12-19T20:25:49+05:30
pytest-benchmark,pygaljs,#7e57c2,#d500f9,#d500f9,0,0,2023-12-19T20:25:49+05:30
pytest-benchmark,pytest,#7e57c2,#d500f9,#d500f9,0,0,2023-12-19T20:25:49+05:30
pytest-benchmark,py-cpuinfo,#7e57c2,#d500f9,#d500f9,0,0,2023-12-19T20:25:49+05:30
pytest-benchmark,statistics,#7e57c2,#d500f9,#d500f9,0,0,2023-12-19T20:25:49+05:30
pytest-benchmark,pathlib2,#7e57c2,#d500f9,#d500f9,0,0,2023-12-19T20:25:49+05:30
pytest-benchmark,aspectlib,#7e57c2,#d500f9,#d500f9,0,0,2023-12-19T20:25:49+05:30
mysql-connector-python,zipp,#7e57c2,#d500f9,#d500f9,0,0,2023-12-19T20:25:49+05:30
mysql-connector-python,protobuf,#7e57c2,#d500f9,#d500f9,0,0,2023-12-19T20:25:49+05:30
mysql-connector-python,lz4,#7e57c2,#d500f9,#d500f9,0,0,2023-12-19T20:25:49+05:30
mysql-connector-python,zstandard,#7e57c2,#d500f9,#d500f9,0,0,2023-12-19T20:25:49+05:30
mysql-connector-python,dnspython,#7e57c2,#d500f9,#d500f9,0,0,2023-12-19T20:25:49+05:30
mysql-connector-python,gssapi,#7e57c2,#d500f9,#d500f9,0,0,2023-12-19T20:25:49+05:30
mysql-connector-python,deprecated,#7e57c2,#d500f9,#d500f9,0,0,2023-12-19T20:25:49+05:30
mysql-connector-python,typing-extensions,#7e57c2,#d500f9,#d500f9,0,0,2023-12-19T20:25:49+05:30
sphinx-copybutton,sphinx,#7e57c2,#d500f9,#d500f9,0,0,2023-12-19T20:25:49+05:30
sphinx-copybutton,pre-commit,#7e57c2,#d500f9,#d500f9,0,0,2023-12-19T20:25:49+05:30
sphinx-copybutton,ipython,#7e57c2,#d500f9,#d500f9,0,0,2023-12-19T20:25:49+05:30
sphinx-copybutton,myst-nb,#7e57c2,#d500f9,#d500f9,0,0,2023-12-19T20:25:49+05:30
sphinx-copybutton,sphinx-book-theme,#7e57c2,#d500f9,#d500f9,0,0,2023-12-19T20:25:49+05:30
sphinx-copybutton,sphinx-examples,#7e57c2,#d500f9,#d500f9,0,0,2023-12-19T20:25:49+05:30
werkzeug,watchdog,#E64A19,#d500f9,#d500f9,0,0,2023-12-19T19:25:49+05:30
cryptography,pytest-benchmark,#74b9ff,#d500f9,#d500f9,0,0,2023-12-19T19:25:49+05:30
cryptography,pytz,#74b9ff,#d500f9,#d500f9,0,0,2023-12-19T19:25:49+05:30
cryptography,check-manifest,#74b9ff,#d500f9,#d500f9,0,0,2023-12-19T19:25:49+05:30
cryptography,pyenchant,#74b9ff,#d500f9,#d500f9,0,0,2023-12-19T19:25:49+05:30
cryptography,setuptools-rust,#74b9ff,#d500f9,#d500f9,0,0,2023-12-19T19:25:49+05:30
cryptography,pytest-xdist,#74b9ff,#d500f9,#d500f9,0,0,2023-12-19T19:25:49+05:30
cryptography,tox,#74b9ff,#d500f9,#d500f9,0,0,2023-12-19T19:25:49+05:30
cryptography,sphinx-rtd-theme,#74b9ff,#d500f9,#d500f9,0,0,2023-12-19T19:25:49+05:30
cryptography,pytest-subtests,#74b9ff,#d500f9,#d500f9,0,0,2023-12-19T19:25:49+05:30
cryptography,iso8601,#74b9ff,#d500f9,#d500f9,0,0,2023-12-19T19:25:49+05:30
cryptography,ruff,#74b9ff,#d500f9,#d500f9,0,0,2023-12-19T19:25:49+05:30
cryptography,hypothesis,#74b9ff,#d500f9,#d500f9,0,0,2023-12-19T19:25:49+05:30
cryptography,twine,#74b9ff,#d500f9,#d500f9,0,0,2023-12-19T19:25:49+05:30
cryptography,pretend,#74b9ff,#d500f9,#d500f9,0,0,2023-12-19T19:25:49+05:30
cryptography,pytest-shard,#74b9ff,#d500f9,#d500f9,0,0,2023-12-19T19:25:49+05:30
cryptography,pytest,#74b9ff,#d500f9,#d500f9,0,0,2023-12-19T19:25:49+05:30
cryptography,sphinx,#74b9ff,#d500f9,#d500f9,0,0,2023-12-19T19:25:49+05:30
cryptography,types-requests,#74b9ff,#d500f9,#d500f9,0,0,2023-12-19T19:25:49+05:30
cryptography,sphinxcontrib-spelling,#74b9ff,#d500f9,#d500f9,0,0,2023-12-19T19:25:49+05:30
cryptography,pytest-cov,#74b9ff,#d500f9,#d500f9,0,0,2023-12-19T19:25:49+05:30
cryptography,cffi,#74b9ff,#d500f9,#d500f9,0,0,2023-12-19T19:25:49+05:30
cryptography,pytest-randomly,#74b9ff,#d500f9,#d500f9,0,0,2023-12-19T19:25:49+05:30
cryptography,types-pytz,#74b9ff,#d500f9,#d500f9,0,0,2023-12-19T19:25:49+05:30
cryptography,mypy,#74b9ff,#d500f9,#d500f9,0,0,2023-12-19T19:25:49+05:30
cryptography,black,#74b9ff,#d500f9,#d500f9,0,0,2023-12-19T19:25:49+05:30
cryptography,bcrypt,#74b9ff,#d500f9,#d500f9,0,0,2023-12-19T19:25:49+05:30
argon2-cffi-bindings,pre-commit,#74b9ff,#d500f9,#d500f9,0,0,2023-12-19T19:25:49+05:30
argon2-cffi-bindings,wheel,#74b9ff,#d500f9,#d500f9,0,0,2023-12-19T19:25:49+05:30
argon2-cffi-bindings,cffi,#74b9ff,#d500f9,#d500f9,0,0,2023-12-19T19:25:49+05:30
argon2-cffi-bindings,pytest,#74b9ff,#d500f9,#d500f9,0,0,2023-12-19T19:25:49+05:30
argon2-cffi-bindings,cogapp,#74b9ff,#d500f9,#d500f9,0,0,2023-12-19T19:25:49+05:30
sphinxcontrib-spelling,sphinx,#7e57c2,#d500f9,#d500f9,0,0,2023-12-19T20:25:49+05:30
sphinxcontrib-spelling,six,#7e57c2,#d500f9,#d500f9,0,0,2023-12-19T20:25:49+05:30
sphinxcontrib-spelling,pyenchant,#7e57c2,#d500f9,#d500f9,0,0,2023-12-19T20:25:49+05:30
zipp,pytest-flake8,#74b9ff,#d500f9,#d500f9,0,0,2023-12-19T19:25:49+05:30
zipp,jaraco.packaging,#74b9ff,#d500f9,#d500f9,0,0,2023-12-19T19:25:49+05:30
zipp,pytest,#74b9ff,#d500f9,#d500f9,0,0,2023-12-19T19:25:49+05:30
zipp,jaraco.itertools,#74b9ff,#d500f9,#d500f9,0,0,2023-12-19T19:25:49+05:30
zipp,pytest-black,#74b9ff,#d500f9,#d500f9,0,0,2023-12-19T19:25:49+05:30
zipp,rst.linker,#74b9ff,#d500f9,#d500f9,0,0,2023-12-19T19:25:49+05:30
zipp,pytest-enabler,#74b9ff,#d500f9,#d500f9,0,0,2023-12-19T19:25:49+05:30
zipp,func-timeout,#74b9ff,#d500f9,#d500f9,0,0,2023-12-19T19:25:49+05:30
zipp,pytest-mypy,#74b9ff,#d500f9,#d500f9,0,0,2023-12-19T19:25:49+05:30
zipp,sphinx,#74b9ff,#d500f9,#d500f9,0,0,2023-12-19T19:25:49+05:30
zipp,pytest-checkdocs,#74b9ff,#d500f9,#d500f9,0,0,2023-12-19T19:25:49+05:30
zipp,pytest-cov,#74b9ff,#d500f9,#d500f9,0,0,2023-12-19T19:25:49+05:30
zope.interface,sphinx-rtd-theme,#7e57c2,#d500f9,#d500f9,0,0,2023-12-19T20:25:49+05:30
zope.interface,coverage,#7e57c2,#d500f9,#d500f9,0,0,2023-12-19T20:25:49+05:30
zope.interface,zope.event,#7e57c2,#d500f9,#d500f9,0,0,2023-12-19T20:25:49+05:30
zope.interface,zope.testing,#7e57c2,#d500f9,#d500f9,0,0,2023-12-19T20:25:49+05:30
zope.interface,setuptools,#7e57c2,#d500f9,#d500f9,0,0,2023-12-19T20:25:49+05:30
zope.interface,sphinx,#7e57c2,#d500f9,#d500f9,0,0,2023-12-19T20:25:49+05:30
zope.interface,repoze.sphinx.autointerface,#7e57c2,#d500f9,#d500f9,0,0,2023-12-19T20:25:49+05:30
requests,charset-normalizer,#74b9ff,#d500f9,#d500f9,0,0,2023-12-19T19:25:49+05:30
requests,idna,#74b9ff,#d500f9,#d500f9,0,0,2023-12-19T19:25:49+05:30
requests,urllib3,#74b9ff,#d500f9,#d500f9,0,0,2023-12-19T19:25:49+05:30
requests,certifi,#74b9ff,#d500f9,#d500f9,0,0,2023-12-19T19:25:49+05:30
requests,pysocks,#74b9ff,#d500f9,#d500f9,0,0,2023-12-19T19:25:49+05:30
requests,chardet,#74b9ff,#d500f9,#d500f9,0,0,2023-12-19T19:25:49+05:30
urllib3,pyopenssl,#E64A19,#d500f9,#d500f9,0,0,2023-12-19T19:25:49+05:30
urllib3,idna,#E64A19,#d500f9,#d500f9,0,0,2023-12-19T19:25:49+05:30
urllib3,certifi,#E64A19,#d500f9,#d500f9,0,0,2023-12-19T19:25:49+05:30
urllib3,brotli,#E64A19,#d500f9,#d500f9,0,0,2023-12-19T19:25:49+05:30
urllib3,brotlipy,#E64A19,#d500f9,#d500f9,0,0,2023-12-19T19:25:49+05:30
urllib3,cryptography,#E64A19,#d500f9,#d500f9,0,0,2023-12-19T19:25:49+05:30
urllib3,brotlicffi,#E64A19,#d500f9,#d500f9,0,0,2023-12-19T19:25:49+05:30
urllib3,pysocks,#E64A19,#d500f9,#d500f9,0,0,2023-12-19T19:25:49+05:30
urllib3,ipaddress,#E64A19,#d500f9,#d500f9,0,0,2023-12-19T19:25:49+05:30
pydemoapp2,oauthlib,#AEEA00,#d500f9,#f48fb1,0,3,2023-12-19T18:25:49+05:30
pydemoapp2,whitenoise,#AEEA00,#d500f9,#f48fb1,0,4,2023-12-19T18:25:49+05:30
pydemoapp2,asgiref,#AEEA00,#d500f9,#f48fb1,0,3,2023-12-19T18:25:49+05:30
pydemoapp2,zipp,#AEEA00,#d500f9,#d500f9,0,2,2023-12-19T18:25:49+05:30
pydemoapp2,django-heroku,#AEEA00,#d500f9,#e91e63,0,9,2023-12-19T18:25:49+05:30
pydemoapp2,charset-normalizer,#AEEA00,#d500f9,#d500f9,0,0,2023-12-19T18:25:49+05:30
pydemoapp2,python3-openid,#AEEA00,#d500f9,#f48fb1,0,4,2023-12-19T18:25:49+05:30
pydemoapp2,sqlparse,#AEEA00,#fdd835,#d500f9,5,2,2023-12-19T18:25:49+05:30
pydemoapp2,defusedxml,#AEEA00,#d500f9,#d500f9,0,2,2023-12-19T18:25:49+05:30
pydemoapp2,pyyaml,#AEEA00,#D32F2F,#d500f9,9,0,2023-12-19T18:25:49+05:30
pydemoapp2,pyjwt,#AEEA00,#d500f9,#f48fb1,0,3,2023-12-19T18:25:49+05:30
pydemoapp2,requests,#AEEA00,#fdd835,#d500f9,5,0,2023-12-19T18:25:49+05:30
pydemoapp2,django-allauth,#AEEA00,#d500f9,#d500f9,0,0,2023-12-19T18:25:49+05:30
pydemoapp2,urllib3,#AEEA00,#E64A19,#d500f9,7,0,2023-12-19T18:25:49+05:30
pydemoapp2,psycopg2,#AEEA00,#d500f9,#f48fb1,0,4,2023-12-19T18:25:49+05:30
pydemoapp2,mccabe,#AEEA00,#d500f9,#f48fb1,0,3,2023-12-19T18:25:49+05:30
pydemoapp2,idna,#AEEA00,#d500f9,#d500f9,0,0,2023-12-19T18:25:49+05:30
pydemoapp2,certifi,#AEEA00,#E64A19,#d500f9,7,2,2023-12-19T18:25:49+05:30
pydemoapp2,dj-database-url,#AEEA00,#d500f9,#f48fb1,0,5,2023-12-19T18:25:49+05:30
pydemoapp2,werkzeug,#AEEA00,#E64A19,#d500f9,7,2,2023-12-19T18:25:49+05:30
pydemoapp2,pyflakes,#AEEA00,#d500f9,#f48fb1,0,4,2023-12-19T18:25:49+05:30
pydemoapp2,requests-oauthlib,#AEEA00,#d500f9,#f48fb1,0,4,2023-12-19T18:25:49+05:30
pydemoapp2,crispy-bootstrap4,#AEEA00,#d500f9,#d500f9,0,0,2023-12-19T18:25:49+05:30
pydemoapp2,pycparser,#AEEA00,#d500f9,#d500f9,0,0,2023-12-19T18:25:49+05:30
pydemoapp2,cffi,#AEEA00,#d500f9,#d500f9,0,0,2023-12-19T18:25:49+05:30
pydemoapp2,pillow,#AEEA00,#E64A19,#d500f9,8,1,2023-12-19T18:25:49+05:30
pydemoapp2,cryptography,#AEEA00,#fdd835,#d500f9,5,0,2023-12-19T18:25:49+05:30
pydemoapp2,argon2-cffi,#AEEA00,#d500f9,#d500f9,0,1,2023-12-19T18:25:49+05:30
pydemoapp2,requirements-txt,#AEEA00,#d500f9,#d500f9,0,0,2023-12-19T18:25:49+05:30
pydemoapp2,django-crispy-forms,#AEEA00,#d500f9,#d500f9,0,0,2023-12-19T18:25:49+05:30
pydemoapp2,pytz,#AEEA00,#d500f9,#d500f9,0,0,2023-12-19T18:25:49+05:30
pydemoapp2,pycodestyle,#AEEA00,#d500f9,#d500f9,0,0,2023-12-19T18:25:49+05:30
pydemoapp2,argon2-cffi-bindings,#AEEA00,#d500f9,#d500f9,0,2,2023-12-19T18:25:49+05:30
furo,sphinx-basic-ng,#7e57c2,#d500f9,#d500f9,0,0,2023-12-19T20:25:49+05:30
furo,pygments,#7e57c2,#d500f9,#d500f9,0,0,2023-12-19T20:25:49+05:30
furo,beautifulsoup4,#7e57c2,#d500f9,#d500f9,0,0,2023-12-19T20:25:49+05:30
furo,sphinx,#7e57c2,#d500f9,#d500f9,0,0,2023-12-19T20:25:49+05:30
pyjwt,coverage[toml],#74b9ff,#d500f9,#d500f9,0,0,2023-12-19T19:25:49+05:30
pyjwt,mypy,#74b9ff,#d500f9,#d500f9,0,0,2023-12-19T19:25:49+05:30
pyjwt,pre-commit,#74b9ff,#d500f9,#d500f9,0,0,2023-12-19T19:25:49+05:30
pyjwt,cryptography,#74b9ff,#d500f9,#d500f9,0,0,2023-12-19T19:25:49+05:30
pyjwt,sphinx,#74b9ff,#d500f9,#d500f9,0,0,2023-12-19T19:25:49+05:30
pyjwt,sphinx-rtd-theme,#74b9ff,#d500f9,#d500f9,0,0,2023-12-19T19:25:49+05:30
pyjwt,zope.interface,#74b9ff,#d500f9,#d500f9,0,0,2023-12-19T19:25:49+05:30
pyjwt,pytest,#74b9ff,#d500f9,#d500f9,0,0,2023-12-19T19:25:49+05:30
wheel,pytest,#7e57c2,#d500f9,#d500f9,0,0,2023-12-19T20:25:49+05:30
wheel,setuptools,#7e57c2,#d500f9,#d500f9,0,0,2023-12-19T20:25:49+05:30
twine,keyring,#7e57c2,#d500f9,#d500f9,0,0,2023-12-19T20:25:49+05:30
twine,pyblake2,#7e57c2,#d500f9,#d500f9,0,0,2023-12-19T20:25:49+05:30
twine,pkginfo,#7e57c2,#d500f9,#d500f9,0,0,2023-12-19T20:25:49+05:30
twine,readme-renderer,#7e57c2,#d500f9,#d500f9,0,0,2023-12-19T20:25:49+05:30
twine,requests,#7e57c2,#d500f9,#d500f9,0,0,2023-12-19T20:25:49+05:30
twine,requests-toolbelt,#7e57c2,#d500f9,#d500f9,0,0,2023-12-19T20:25:49+05:30
twine,setuptools,#7e57c2,#d500f9,#d500f9,0,0,2023-12-19T20:25:49+05:30
twine,tqdm,#7e57c2,#d500f9,#d500f9,0,0,2023-12-19T20:25:49+05:30
pytest-timeout,pytest,#7e57c2,#d500f9,#d500f9,0,0,2023-12-19T20:25:49+05:30
pytest-asyncio,coverage,#7e57c2,#d500f9,#d500f9,0,0,2023-12-19T20:25:49+05:30
pytest-asyncio,hypothesis,#7e57c2,#d500f9,#d500f9,0,0,2023-12-19T20:25:49+05:30
pytest-asyncio,pytest,#7e57c2,#d500f9,#d500f9,0,0,2023-12-19T20:25:49+05:30
pytest-asyncio,sphinx,#7e57c2,#d500f9,#d500f9,0,0,2023-12-19T20:25:49+05:30
pytest-asyncio,sphinx-rtd-theme,#7e57c2,#d500f9,#d500f9,0,0,2023-12-19T20:25:49+05:30
